{"JIO Financial Services Ltd.":{"percentage":497.6656359899998,"count":65},"Vodafone Idea Ltd.":{"percentage":435.0403521199998,"count":51},"Zomato Ltd.":{"percentage":448.54122454000026,"count":65},"Tube Investments Of India Ltd.":{"percentage":355.4942667400003,"count":51},"Kalyan Jewellers India Ltd.":{"percentage":367.14831806999973,"count":51},"Persistent Systems Ltd.":{"percentage":309.1264686400001,"count":44},"Prestige Estates Projects Ltd.":{"percentage":229.24090909000012,"count":51},"Polycab India Ltd.":{"percentage":185.78555115999984,"count":44},"Balkrishna Industries Ltd.":{"percentage":181.0370113199999,"count":44},"Coforge Ltd.":{"percentage":190.37206813000014,"count":51},"Voltas Ltd.":{"percentage":172.94050752000007,"count":44},"Max Healthcare Institute Ltd.":{"percentage":225.27238228000044,"count":88},"Deepak Nitrite Ltd.":{"percentage":139.35593672000005,"count":44},"Aurobindo Pharma Ltd.":{"percentage":125.67451116000001,"count":44},"KPIT Technologies Ltd.":{"percentage":132.66527392000003,"count":51},"Rail Vikas Nigam Ltd.":{"percentage":105.18841035999999,"count":44},"SJVN Ltd.":{"percentage":97.31293000000004,"count":44},"Dixon Technologies (India) Ltd.":{"percentage":146.11490564,"count":88},"Angel One Ltd.":{"percentage":87.30462407000007,"count":51},"The Phoenix Mills Ltd.":{"percentage":107.04895788000003,"count":58},"NHPC Ltd.":{"percentage":183.92574155999972,"count":88},"Suzlon Energy Ltd.":{"percentage":205.69177872000014,"count":95},"Indus Towers Ltd.":{"percentage":45.1503008,"count":44},"Tips Industries Ltd.":{"percentage":28.426638679999986,"count":44},"Power Grid Corporation Of India Ltd.":{"percentage":312.40000000000003,"count":44},"Larsen & Toubro Ltd.":{"percentage":269.4378681000002,"count":58},"Bharat Electronics Ltd.":{"percentage":259.04528067999985,"count":72},"NTPC Ltd.":{"percentage":180.41999999999987,"count":51},"Tata Power Company Ltd.":{"percentage":183.5800000000001,"count":51},"Thermax Ltd.":{"percentage":146.07999999999984,"count":44},"Hindustan Aeronautics Ltd.":{"percentage":183.35000000000016,"count":58},"Solar Industries India Ltd.":{"percentage":133.7600000000001,"count":44},"Bharat Petroleum Corporation Ltd.":{"percentage":129.1499999999999,"count":51},"Ratnamani Metals & Tubes Ltd.":{"percentage":122.07532320999997,"count":51},"Container Corporation Of India Ltd.":{"percentage":119.23999999999988,"count":44},"ABB India Ltd.":{"percentage":133.18000000000018,"count":51},"REC Ltd.":{"percentage":138.31000000000006,"count":51},"Siemens Ltd.":{"percentage":152.76106029999988,"count":65},"Indian Railway Catering And Tourism Corporation Ltd.":{"percentage":119.46000000000001,"count":51},"Jyoti CNC Automation Ltd.":{"percentage":106.48000000000006,"count":44},"Kei Industries Ltd.":{"percentage":116.2399999999999,"count":51},"BEML Ltd.":{"percentage":121.42888440999988,"count":51},"Rolex Rings Ltd":{"percentage":96.80000000000007,"count":44},"Cochin Shipyard Ltd.":{"percentage":89.32000000000004,"count":44},"Global Health Ltd.":{"percentage":110.51799320999997,"count":51},"Timken India Ltd.":{"percentage":87.55999999999996,"count":44},"Gujarat State Petronet Ltd.":{"percentage":87.12,"count":44},"Bharat Dynamics Ltd.":{"percentage":124.57999475000003,"count":58},"PNC Infratech Ltd.":{"percentage":80.07999999999994,"count":44},"GAIL (India) Ltd.":{"percentage":94.35000000000001,"count":51},"JNK India Ltd.":{"percentage":73.92000000000003,"count":44},"Honeywell Automation India Ltd.":{"percentage":73.48000000000005,"count":44},"The Ramco Cements Ltd.":{"percentage":60.720000000000034,"count":44},"Grindwell Norton Ltd.":{"percentage":53.67999999999997,"count":44},"Bharti Airtel Ltd.":{"percentage":135.10136885,"count":65},"DLF Ltd.":{"percentage":94.44516597999996,"count":65},"Supreme Industries Ltd.":{"percentage":42.67999999999997,"count":44},"ZF Commercial Vehicle Control Systems India Ltd.":{"percentage":38.279999999999994,"count":44},"GR Infraprojects Ltd.":{"percentage":38.279999999999994,"count":44},"Kajaria Ceramics Ltd.":{"percentage":37.40000000000003,"count":44},"Birla Corporation Ltd.":{"percentage":35.63999999999999,"count":44},"H.G. Infra Engineering Ltd.":{"percentage":33.440000000000026,"count":44},"Craftsman Automation Ltd.":{"percentage":33,"count":44},"Jamna Auto Industries Ltd.":{"percentage":31.240000000000027,"count":44},"Triveni Turbine Ltd.":{"percentage":27.71999999999999,"count":44},"Ambuja Cements Ltd.":{"percentage":45.24581873,"count":14},"Ultratech Cement Ltd.":{"percentage":25.365112640000003,"count":7},"Tech Mahindra Ltd.":{"percentage":20.11650396,"count":14},"Inox Wind Ltd.":{"percentage":37.32131011,"count":14},"Maruti Suzuki India Ltd.":{"percentage":15.899834370000004,"count":7},"Interglobe Aviation Ltd.":{"percentage":88.07161278999999,"count":28},"JSW Steel Ltd.":{"percentage":14.535450930000001,"count":7},"Lupin Ltd.":{"percentage":14.468867770000001,"count":7},"Jindal Stainless Ltd.":{"percentage":37.412129019999995,"count":14},"Titan Company Ltd.":{"percentage":15.206608759999996,"count":14},"Power Finance Corporation Ltd.":{"percentage":37.77427465,"count":14},"Hindustan Petroleum Corporation Ltd.":{"percentage":12.817129989999998,"count":7},"Bharat Forge Ltd.":{"percentage":12.81396354,"count":7},"Multi Commodity Exchange Of India Ltd.":{"percentage":32.01977114,"count":14},"Mangalore Refinery And Petrochemicals Ltd.":{"percentage":12.595215360000001,"count":7},"Sobha Ltd.":{"percentage":30.247488809999997,"count":14},"Hero Motocorp Ltd.":{"percentage":11.9100331,"count":7},"Vedanta Ltd.":{"percentage":32.734146759999994,"count":14},"ICICI Bank Ltd.":{"percentage":28.98430297,"count":14},"Tata Steel Ltd.":{"percentage":9.985629710000001,"count":7},"Muthoot Finance Ltd.":{"percentage":9.71102909,"count":7},"Tata Motors Ltd. - DVR Ordinary":{"percentage":9.65095467,"count":7},"Jindal Steel & Power Ltd.":{"percentage":22.583864100000003,"count":14},"BSE Ltd.":{"percentage":25.949522060000003,"count":14},"NMDC Steel Ltd.":{"percentage":8.933228499999998,"count":7},"Grasim Industries Ltd.":{"percentage":8.65853989,"count":7},"Divi's Laboratories Ltd.":{"percentage":8.48614487,"count":7},"UPL Ltd.":{"percentage":8.458174620000001,"count":7},"ICICI Prudential Life Insurance Company Ltd.":{"percentage":15.323621460000002,"count":14},"HDFC Asset Management Company Ltd.":{"percentage":6.832999739999999,"count":7},"Godrej Properties Ltd.":{"percentage":6.827986200000002,"count":7},"Gland Pharma Ltd.":{"percentage":6.70282389,"count":7},"TVS Motor Company Ltd.":{"percentage":43.687248849999996,"count":21},"RHI Magnesita India Ltd.":{"percentage":6.00611935,"count":7},"Bharti Airtel Ltd. - (Partly Paid up Equity Shares (Rights Issue))":{"percentage":41.16777721,"count":14},"Bajaj Auto Ltd.":{"percentage":5.52552427,"count":7},"CarTrade Tech Ltd.":{"percentage":5.46483413,"count":7},"Cummins India Ltd.":{"percentage":5.446275310000001,"count":7},"Aarti Industries Ltd.":{"percentage":5.37986806,"count":7},"UTI Asset Management Company Ltd.":{"percentage":5.37916442,"count":7},"KSB Ltd.":{"percentage":5.06234456,"count":7},"Gujarat Gas Ltd.":{"percentage":4.71333261,"count":7},"The Karnataka Bank Ltd.":{"percentage":4.51622178,"count":7},"Mastek Ltd.":{"percentage":4.1906942,"count":7},"Eicher Motors Ltd.":{"percentage":4.163427659999999,"count":7},"PI Industries Ltd.":{"percentage":4.04741288,"count":7},"APL Apollo Tubes Ltd.":{"percentage":3.9709785500000003,"count":7},"EPL Ltd.":{"percentage":3.5875755299999996,"count":7},"Axis Bank Ltd.":{"percentage":18.627636439999996,"count":14},"Divgi TorqTransfer Systems Ltd.":{"percentage":3.3884417000000004,"count":7},"Vardhman Textiles Ltd.":{"percentage":3.3678598099999997,"count":7},"Himatsingka Seide Ltd.":{"percentage":3.1937056900000003,"count":7},"Jubilant FoodWorks Ltd.":{"percentage":3.0812971,"count":7},"Glenmark Pharmaceuticals Ltd.":{"percentage":3.06185866,"count":7},