{
    "JIO Financial Services Ltd.": {
        "percentage": 437.9794350799997,
        "count": 44
    },
    "Vodafone Idea Ltd.": {
        "percentage": 423.49035211999995,
        "count": 44
    },
    "Zomato Ltd.": {
        "percentage": 360.7802862400003,
        "count": 44
    },
    "Tube Investments Of India Ltd.": {
        "percentage": 341.2051856400003,
        "count": 44
    },
    "Kalyan Jewellers India Ltd.": {
        "percentage": 329.38020719999986,
        "count": 44
    },
    "Persistent Systems Ltd.": {
        "percentage": 309.1264686400001,
        "count": 44
    },
    "Prestige Estates Projects Ltd.": {
        "percentage": 186.2599706000002,
        "count": 44
    },
    "Polycab India Ltd.": {
        "percentage": 185.78555115999984,
        "count": 44
    },
    "Balkrishna Industries Ltd.": {
        "percentage": 181.0370113199999,
        "count": 44
    },
    "Coforge Ltd.": {
        "percentage": 174.00263232000006,
        "count": 44
    },
    "Voltas Ltd.": {
        "percentage": 172.94050752000007,
        "count": 44
    },
    "Max Healthcare Institute Ltd.": {
        "percentage": 225.27238228000044,
        "count": 88
    },
    "Deepak Nitrite Ltd.": {
        "percentage": 139.35593672000005,
        "count": 44
    },
    "Aurobindo Pharma Ltd.": {
        "percentage": 125.67451116000001,
        "count": 44
    },
    "KPIT Technologies Ltd.": {
        "percentage": 123.56527392,
        "count": 44
    },
    "Rail Vikas Nigam Ltd.": {
        "percentage": 105.18841035999999,
        "count": 44
    },
    "SJVN Ltd.": {
        "percentage": 97.31293000000004,
        "count": 44
    },
    "Dixon Technologies (India) Ltd.": {
        "percentage": 146.11490564,
        "count": 88
    },
    "Angel One Ltd.": {
        "percentage": 73.22381880000005,
        "count": 44
    },
    "The Phoenix Mills Ltd.": {
        "percentage": 72.27826584,
        "count": 44
    },
    "NHPC Ltd.": {
        "percentage": 183.92574155999972,
        "count": 88
    },
    "Suzlon Energy Ltd.": {
        "percentage": 179.84612756000016,
        "count": 88
    },
    "Indus Towers Ltd.": {
        "percentage": 45.1503008,
        "count": 44
    },
    "Tips Industries Ltd.": {
        "percentage": 28.426638679999986,
        "count": 44
    },
    "Power Grid Corporation Of India Ltd.": {
        "percentage": 312.40000000000003,
        "count": 44
    },
    "Larsen & Toubro Ltd.": {
        "percentage": 220.8800000000001,
        "count": 44
    },
    "Bharat Electronics Ltd.": {
        "percentage": 170.71999999999989,
        "count": 44
    },
    "NTPC Ltd.": {
        "percentage": 165.43999999999997,
        "count": 44
    },
    "Tata Power Company Ltd.": {
        "percentage": 157.96000000000012,
        "count": 44
    },
    "Thermax Ltd.": {
        "percentage": 146.07999999999984,
        "count": 44
    },
    "Hindustan Aeronautics Ltd.": {
        "percentage": 135.9600000000001,
        "count": 44
    },
    "Solar Industries India Ltd.": {
        "percentage": 133.7600000000001,
        "count": 44
    },
    "Bharat Petroleum Corporation Ltd.": {
        "percentage": 123.19999999999992,
        "count": 44
    },
    "Ratnamani Metals & Tubes Ltd.": {
        "percentage": 119.67999999999996,
        "count": 44
    },
    "Container Corporation Of India Ltd.": {
        "percentage": 119.23999999999988,
        "count": 44
    },
    "ABB India Ltd.": {
        "percentage": 117.92000000000014,
        "count": 44
    },
    "REC Ltd.": {
        "percentage": 115.28000000000007,
        "count": 44
    },
    "Siemens Ltd.": {
        "percentage": 113.07999999999987,
        "count": 44
    },
    "Indian Railway Catering And Tourism Corporation Ltd.": {
        "percentage": 108.67999999999996,
        "count": 44
    },
    "Jyoti CNC Automation Ltd.": {
        "percentage": 106.48000000000006,
        "count": 44
    },
    "Kei Industries Ltd.": {
        "percentage": 102.51999999999994,
        "count": 44
    },
    "BEML Ltd.": {
        "percentage": 101.19999999999992,
        "count": 44
    },
    "Rolex Rings Ltd": {
        "percentage": 96.80000000000007,
        "count": 44
    },
    "Cochin Shipyard Ltd.": {
        "percentage": 89.32000000000004,
        "count": 44
    },
    "Global Health Ltd.": {
        "percentage": 88.44000000000001,
        "count": 44
    },
    "Timken India Ltd.": {
        "percentage": 87.55999999999996,
        "count": 44
    },
    "Gujarat State Petronet Ltd.": {
        "percentage": 87.12,
        "count": 44
    },
    "Bharat Dynamics Ltd.": {
        "percentage": 85.80000000000007,
        "count": 44
    },
    "PNC Infratech Ltd.": {
        "percentage": 80.07999999999994,
        "count": 44
    },
    "GAIL (India) Ltd.": {
        "percentage": 75.23999999999998,
        "count": 44
    },
    "JNK India Ltd.": {
        "percentage": 73.92000000000003,
        "count": 44
    },
    "Honeywell Automation India Ltd.": {
        "percentage": 73.48000000000005,
        "count": 44
    },
    "The Ramco Cements Ltd.": {
        "percentage": 60.720000000000034,
        "count": 44
    },
    "Grindwell Norton Ltd.": {
        "percentage": 53.67999999999997,
        "count": 44
    },
    "Bharti Airtel Ltd.": {
        "percentage": 49.27999999999998,
        "count": 44
    },
    "DLF Ltd.": {
        "percentage": 44.44,
        "count": 44
    },
    "Supreme Industries Ltd.": {
        "percentage": 42.67999999999997,
        "count": 44
    },
    "ZF Commercial Vehicle Control Systems India Ltd.": {
        "percentage": 38.279999999999994,
        "count": 44
    },
    "GR Infraprojects Ltd.": {
        "percentage": 38.279999999999994,
        "count": 44
    },
    "Kajaria Ceramics Ltd.": {
        "percentage": 37.40000000000003,
        "count": 44
    },
    "Birla Corporation Ltd.": {
        "percentage": 35.63999999999999,
        "count": 44
    },
    "H.G. Infra Engineering Ltd.": {
        "percentage": 33.440000000000026,
        "count": 44
    },
    "Craftsman Automation Ltd.": {
        "percentage": 33,
        "count": 44
    },
    "Jamna Auto Industries Ltd.": {
        "percentage": 31.240000000000027,
        "count": 44
    },
    "Triveni Turbine Ltd.": {
        "percentage": 27.71999999999999,
        "count": 44
    }
}